Name,Surname,PID,Age
Kornelia,Świtaj,32062234019,92
Mary,Mikosz,31083193167,93
Nathan,Duchnik,81010657127,43
William,Kułach,34092579465,90
Evan,Nash,39111940848,84
Ryan,Reynolds,58090293028,66
Daniel,Gleba,56110449994,67
Urszula,Pietraś,38022797853,86
Sheryl,Stypuła,45020655661,79
Roksana,Strojna,15210559468,9
Oliwier,Garcia,41022198685,83
Urszula,Paul,91052118276,33
Matthew,Ellwart,58101056905,65
Anthony,Baker,49092301145,75
Daniel,Hill,28111521443,96
Jerzy,Frelek,93080172840,31
Rozalia,Kupidura,31102596553,92
Suzanne,Ścibisz,58061882114,66
Olgierd,Nguyen,12011469701,112
Devin,Daniels,42021397655,82
Jerzy,Oszust,10252882017,14
Bartek,Kohut,14272671149,10
Robert,Szkup,27111116457,97
Karol,Irwin,19250322804,5
Amber,Cole,68021381533,56
Damian,Cohen,57042743857,67
Patricia,Pyrz,95022466985,29
Hunter,Meyers,88100858291,35
Mikołaj,Szyda,05092530037,119
Robert,Kohnke,27120467135,96
Michaela,Vasquez,32022257830,92
Johnny,Grubba,15302480904,8
Jacek,Johnson,99092717994,25
Kazimierz,Hicks,10321204885,14
Melanie,Steckiewicz,23220631665,1
Nicole,Lindner,95080322027,29
Malwina,Samol,18231863796,6
Melania,Cooley,91032424328,33
Charles,Gray,59122569850,64
Courtney,Strojna,13271904412,11
Michael,Gray,10091948178,114
Robert,Logan,58020464720,66
Adrian,Smith,98110446816,25
Monika,Charles,04050161870,120
Susan,Dorna,47100280136,76
Aniela,Ciuruś,71031398046,53
Pamela,Nikel,30010806826,94
Konstanty,Mccoy,06221175491,18
Ewelina,Pietrek,74042357150,50
Marianna,Randall,61072725990,63
Kelly,Murphy,01290302371,23
Adrian,Teodorowicz,30010981570,94
Liwia,Linda,18051625040,106
Christopher,Danel,49122718996,75
Wiktor,Myers,57060512857,67
Kyle,Diaz,31062855035,93
Kelly,Moore,98091047653,26
Tammy,Stone,83072358163,41
Jan,Stewart,62113053045,61
Jan,Waniek,54053151091,70
Olivia,Snyder,16062891221,108
Melinda,Jaskóła,96072449878,28
Leonard,Holt,96040190650,28
Szymon,Reid,49121371839,74
David,Kononowicz,14321718618,10
Karina,Carter,08080651347,116
Marcin,Rosada,89120350761,34
Amber,Witos,18252623050,6
Maciej,Salazar,77041525650,47
Karen,Wawszczak,26073014834,98
Alice,Bullock,86071620626,38
Leonard,Murphy,09272010854,15
Chad,Kirby,32111818803,92
Ignacy,Luberda,17300577369,6
Jeffery,Kościk,93121998189,30
Amber,Ciemięga,33121040134,90
Maurycy,Zawalich,62112550949,61
Błażej,Townsend,20073005632,104
Kim,Wojtiuk,45012700948,79
Melissa,Smith,61021854878,63
Bianka,Turner,30081380122,94
Debra,Hetmańczyk,69011370832,55
Dennis,Knight,20210857720,4
Iwo,Medina,23290137335,1
Logan,Gumuła,23010612755,101
Amber,Macias,22092976023,102
Jennifer,Tyniec,08310868237,15
Wiktor,Hill,12261562337,12
Dagmara,Hester,48121368478,75
Tim,Nowotka,96041011642,28
Kamil,Kociemba,56090702175,68
Tomasz,Adams,45112461383,78
Alexandra,Newman,36092151399,88
Rita,Perry,04290394715,20
Alec,Jackson,21011057274,103
Ada,Materek,18121355550,105
Frederick,Maynard,01222885473,23
Apolonia,Ellison,18290900072,6
Stanisław,Piaścik,74033092475,50
Jacek,Kowala,37032475414,87
